## RECSRecommendations Upload File;
## RECS''## RECS'' indicates a Recommendations pre-process header. Please do not remove these lines.;
## RECS;
## RECSUse this file to upload product display information to Recommendations. Each product has its own row. Each line must contain 19 values and if not all are filled a space should be left.;
## RECSThe last 100 columns (entity.custom1 - entity.custom100) are custom. The name 'customN' can be replaced with a custom name such as 'onSale' or 'brand'.;
## RECSIf the products already exist in Recommendations then changes uploaded here will override the data in Recommendations. Any new attributes entered here will be added to the product''s entry in Recommendations.;
## RECSentity.id,entity.brand,entity.os,entity.release_date;
1,Motorola,Android 4.0,2012;
2,Celkon,Android 2.3.6,2012;
3,Samsung,Feature phone,2010;
4,Allview,Android 6.0,2017;
5,ZTE,Android 4.0,2012;
6,Asus,Android 6.0,2017;
"7,Huawei,""Android 9.0, EMUI 9"",2019";
8,alcatel,Feature phone,2009;
"9,vivo,""Android 9.0, Funtouch 9"",2019";
10,Telit,Microsoft Smartphone 2002,2003;
11,Toshiba,Feature phone,2006;
12,Philips,Android-based OPhone 2.0,2011;
13,Samsung,Feature phone,2009;
"14,HTC,""Android 5.1, Sense UI 6"",2015";
15,Gionee,Android 4.4.2,2014;
16,Yezz,Android 4.4,2015;
"17,Xiaomi,""Android 7.1.2, MIUI 11"",2017";
18,Motorola,Android 4.0.4,2012;
19,Icemobile,Feature phone,2011;
20,Celkon,Feature phone,2012;
21,Sony,Feature phone,2000;
"22,Honor,""Android 10, Magic UI 2.1"",2020";
23,Sagem,Feature phone,2008;
24,Kyocera,Feature phone,2000;
25,Motorola,Feature phone,2006;
26,Sagem,Feature phone,2001;
27,Philips,Feature phone,2007;
28,Samsung,Feature phone,2009;
29,Celkon,Android 4.0,2012;
"30,Asus,""Android 4.3, up to 4.4.2"",2014";
"31,Nokia,""Symbian 9.1, Series 60 UI 3rd Edition"",2005";
32,BLU,Android 7.0,2017;
33,Maxwest,Android 4.2.2,2014;
34,Samsung,Feature phone,2003;
"35,Asus,""Android 5.0, ZenUI"",2015";
36,Samsung,Microsoft Windows Mobile 6.1 Standard,2010;
37,XOLO,Android 4.1.1,2013;
38,Samsung,Feature phone,2009;"ble to 4.3"",2012"
39,Samsung,Android 2.2,2010;
"40,Oppo,""Android 7.1.1, ColorOS 3.2"",2017";
41,Samsung,Feature phone,2006;
"42,Apple,""iPadOS 13.1, up to iPadOS 14.6"",2019";
"43,Samsung,""Android 4.0, up to 4.2.2"",2011";
"44,Sony,""Android 4.0.4, upgrad&#1072";
"45,Sony,""Android 4.4.4, up to 6.0"",2014";
46,BLU,Android 4.2,2014;
47,Gionee,Feature phone,2014;
"48,vivo,""Android 10, IQOO UI 1.5"",2020";
49,Mitsubishi,Feature phone,2003;
50,Sony,Feature phone,2007;
51,Vodafone,Feature phone,2008;
"52,Motorola,""Android 9.0, up to Android 10"",2019";
"53,BLU,""Android 4.0, up to 4.1"",2013";
"54,HTC,""Android 2.3, Sense UI 3.5"",2011";
"55,Realme,""Android 10, Realme UI"",2020";
56,HP,Microsoft Windows Mobile 5.0 PocketPC,2006;
57,Philips,Android 4.0.4,2012;
58,LG,Feature phone,2009;
59,Karbonn,Android 4.2.2,2013;
60,alcatel,Feature phone,2008;
61,Sony,Feature phone,2010;
62,VK,Feature phone,0;
63,Celkon,Android 4.4.2,2014;
"64,Motorola,""Android 9.0, up to Android 11, Android One"",2019";
"65,Nokia,""Symbian, S60 rel. 3.2"",2009";
66,Yezz,Android 4.4.2,2013;
67,Philips,Feature phone,2007;
"68,Nokia,""Android 8.1, up to Android 10, Android One"",2018";
69,Sagem,Feature phone,2004;
70,BlackBerry,BlackBerry OS 10.3.1,2015;
"71,Xiaomi,""Android 6.0.1, MIUI 9.2"",2016";
"72,Samsung,""Android 5.1, up to 6.0.1"",2015";
73,NEC,Feature phone,2005;
"74,Samsung,""Android 2.2, up to 2.3"",2012";
75,Archos,Android 4.3,2014;
76,Celkon,Feature phone,2011;
77,HTC,Android 10,2020;
78,Asus,Android 4.4,2015;
79,Posh,Android 4.2.2,2014;
80,Ulefone,Android 9.0,2019;
81,BLU,Android 4.2,2012;
82,Cat,KaiOS,2018;
83,Samsung,Feature phone,2010;
84,BenQ,Feature phone,2004;
85,QMobile,Android 4.4.2,2015;
86,ZTE,Feature phone,2010;
87,BLU,Feature phone,2011;
88,Sony,Feature phone,2005;
"89,vivo,""Android 11, Funtouch 11"",2020";
90,Vodafone,LiMo OS,2009;
91,Samsung,Feature phone,2003;
92,MWg,Microsoft Windows Mobile 6 Professional,2008;
93,alcatel,Android 5.1,2015;
94,Sagem,Feature phone,2005;
"95,Motorola,""Android 6.0.1, up to 7.1.1"",2016";
96,BLU,Android 9.0,2020;
97,Spice,Android 4.2,2013;
98,Motorola,Android 2.1,2010;
99,Samsung,Feature phone,2009;
100,Philips,Android 2.2,2011;
101,Samsung,Feature phone,2010;
102,Micromax,Android 8.1,2018;
103,Benefon,Feature phone,1999;
"104,Meizu,""Android 6, Flyme 7.3"",2016";
105,WND,Feature phone,0;
106,ZTE,Android 5.1,2015;
107,Sagem,Feature phone,2008;
108,Asus,Android 4.4,2016;
"109,LG,""Android 6.0, up to Android 7.0"",2016";
110,Amoi,Feature phone,2006;
111,Yezz,Android 4.2,2013;
112,Samsung,bada OS,2011;
113,LG,Feature phone,2003;
"114,Nokia,""Android 8.1, up to Android 10, Android One"",2018";
"115,vivo,""Android 11, Funtouch 11"",2020";
116,BlackBerry,BlackBerry OS,2004;
117,Spice,Android 4.4,2014;
118,Philips,Feature phone,0;
119,BlackBerry,BlackBerry OS,2004;
120,Coolpad,Android 7.1,2018;
121,Lenovo,Android 4.0,2012;
122,ZTE,Android 4.4.2,2015;
123,Motorola,Feature phone,1999;
124,XOLO,Android 4.2,2013;
125,Ericsson,Feature phone,1997;
126,ZTE,Android 6.0,2016;
127,verykool,Feature phone,2012;
128,Yezz,Android 5.1,2016;
129,Vodafone,Feature phone,2009;
"130,Samsung,""Symbian 9.2, Series 60 rel. 3.0"",2008";
131,Modu,Feature phone,2010;
132,Micromax,Android 6.0,2017;
133,Samsung,Android 4.2,2014;
"134,Sharp,""Android 8.0, Sharp UI"",2018";
135,alcatel,Android 5.0,2015;
136,Siemens,Feature phone,0;
137,BLU,Android 9.0,2019;
138,XOLO,Android 6.0,2016;
"139,Lenovo,""Android 9.0, ZUI 11"",2019";
140,Samsung,Feature phone,2009;
141,Celkon,Feature phone,2013;
"142,Samsung,""Android 4.2, TouchWiz UI"",2014";
143,verykool,Feature phone,2011;
144,O2,Microsoft Smartphone 2003,2003;
145,Samsung,Feature phone,2000;
"146,BLU,""Microsoft Windows Phone 8.1, up to Windows 10"",2015";
147,Lenovo,Feature phone,2011;
148,BlackBerry,BlackBerry OS 7.0,2011;
"149,Apple,""iOS, up to iOS 3.1.3"",2007";
150,Archos,Android 7.0,2017;
151,Motorola,Android 9.0,2019;
"152,LG,""Android 4.4.2, LG UI 3"",2014";
"153,Asus,""Android 4.2, up to 4.2.2, Waveshare UI"",2013";
154,LG,Android OS,0;
155,BLU,Feature phone,2011;
156,Samsung,Feature phone,2011;
157,Celkon,Android 2.3.5,2013;
158,Samsung,Feature phone,2014;
159,Philips,Feature phone,1997;
160,BLU,Android 4.2.1,2014;
161,Samsung,Feature phone,2009;
162,Huawei,Proprietary OS,2018;
163,alcatel,Feature phone,2003;
164,ZTE,Android 4.0,2012;
165,alcatel,Android 2.3.5,2011;
"166,Oppo,""Android 10, ColorOS 7.1"",2020";
167,Wiko,Android 4.4.2,2014;
"168,Xiaomi,""Android 6.0, up to 7.0, MIUI 10"",2016";
169,QMobile,Android 5.0,2015;
"170,Realme,""Android 10, up to Android 11, Realme UI 2.0"",2020";
"171,Samsung,""Android 6.0.1, up to Android 8.0"",2016";
"172,Lenovo,""Android 4.4.2, up to 5.0"",2014";
"173,HTC,""Android 8.0, up to Android 9.0, Sense UI"",2018";
174,Motorola,Android 9.0,2020;
175,Huawei,Android 2.1,2010;",2016
181,Plum,Android 4.2,2013
182,BLU,Android 6.0.1,2016
183,Nokia,Feature phone,2000
184,Philips,Feature phone,2002
185,LG,Feature phone,2011
186,Asus,Android 7, ZenUI 4"",2017"
176,Posh,Android 5.1,2016;
177,Sony,Feature phone,2007;
"178,Google,""Android 10, up to Android 11"",2019";
"179,Realme,""Android 8.1, ColorOS 5.2"",2018";
"180,LeEco,""Android 5.0 - LeEco Le 1s";
6.0 &hellip;
187,Lava,Android 4.4.2,2015;
188,Bird,Feature phone,2004;
189,Pantech,Feature phone,2004;
190,Unnecto,Android 5.1,2016;
"191,Apple,""iOS 6, up to iOS 10.3"",2012";
192,alcatel,Feature phone,2009;"ble to 4.3"",2012"
193,i-mobile,Feature phone,2008;
194,Celkon,Feature phone,2014;
195,Huawei,Android 8.0 Oreo,2018;
196,BLU,Android 9.0,2019;
"197,Samsung,""Android 2.3.4, up to 4.1, TouchWiz UI 4"",2011";
"198,Sony,""Android 4.0.4, upgrad&#1072";
199,Orange,Android 4.1,2013;
200,Infinix,Android 7.0,2018;
201,Bird,Feature phone,2005;
202,Samsung,Feature phone,2009;
203,Nokia,Feature phone,2020;
204,Amoi,Feature phone,2007;
205,Micromax,Feature phone,2010;
"206,HTC,""Android 6.0, Sense UI"",2016";
207,HTC,Microsoft Vista Business and SnapVUE OS,2008;
208,LG,Microsoft Windows Mobile 6.1 Professional,2009;
209,Bird,Feature phone,0;
210,Nokia,Feature phone,2007;
211,Cat,KaiOS,2018;
212,Panasonic,Android 7.0,2018;
213,Samsung,Android 2.3,2011;
214,BLU,Feature phone,2011;
"215,Honor,""Android 6.0, up to 7.0, EMUI 5"",2016";
216,Bosch,Feature phone,1996;
217,iNQ,Android 2.2,0;
218,ZTE,Feature phone,2009;
"219,vivo,""Android 6, Funtouch 3"",2018";
220,ZTE,Android 2.2,2011;
221,XOLO,Android 4.1.1,2013;
222,NEC,Feature phone,2005;
"223,ZTE,""Android 2.3, 4.1.1, up to 4.2"",2012";
"224,HTC,""Android 4.0, up to 4.1.1, Sense UI"",2012";
225,Samsung,Android 4.4.2,2014;
226,Motorola,Android 4.0.4,2012;
227,Maxon,Feature phone,2000;
228,Motorola,Linux,2004;
"229,Xiaomi,""Android 5.1, up to 7.0, MIUI 10"",2016";
230,alcatel,Feature phone,2000;
"231,BQ,""Android 6.0.1, up to 7.1.1"",2016";
232,Asus,Android 7.1,2017;
233,Micromax,Android 5.1,2016;
234,Plum,Feature phone,2016;
235,Samsung,Feature phone,2009;
236,Pantech,Feature phone,2006;
"237,Nokia,""Android 8.0, up to Android 10, Android One"",2018";
238,Wiko,Android 7.1,2017;
"239,Samsung,""Android 4.4.2, TouchWiz UX UI"",2014";
240,QMobile,Android 4.4.2,2015;
241,Oppo,Android 4.0.4,2012;
"242,Sony,""Android 2.3, up to 4.1"",2012";
243,Philips,Android 4.0,2013;
244,Nokia,Feature phone,2005;
245,Samsung,Feature phone,2005;
246,Acer,Android 4.1,2013;
247,Samsung,Feature phone,2010;
248,Allview,Android 5.1,2016;
249,iNQ,Android 2.2,0;
250,Nokia,Feature phone,2009;
251,LG,Android 4.4.2,2014;
252,Maxon,Feature phone,2004;
253,Huawei,Firefox OS,2014;
"254,vivo,""Android 9.0, Funtouch 4.5"",2018";
255,Samsung,Android 4.2,2014;
256,Karbonn,Feature phone,2012;
"257,Xiaomi,""Android 7.1, MIUI 8"",2017";
"258,Samsung,""Android 6.0.1, up to Android 8.0"",2016";
259,BLU,Android 6.0,2016;
260,Sony,Feature phone,2006;
261,Nokia,Feature phone,2003;
262,Siemens,Feature phone,2002;
263,ZTE,Android-based OPhone 2.0,2011;
"264,Huawei,""Android 8.1, EMUI 9.1"",2018";
265,Huawei,Android 2.3.3,2011;
"266,Xiaomi,""Android 9.0, up to Android 10, MIUI 12"",2019";
267,i-mobile,Feature phone,2008;
268,Panasonic,Android 4.1.2,2013;
269,Samsung,Feature phone,2007;
270,Panasonic,Feature phone,2005;
271,Samsung,Palm 5.2,0;
272,Icemobile,Android OS,2013;
"273,Huawei,""Android 9.0, up to Android 10, Magic UI 2.1"",2019";
274,Micromax,Feature phone,2010;
275,Philips,Android 4.2,2013;
276,Sony,Feature phone,2007;
"277,Xiaomi,""Android 9.0, MIUI 11"",0";
278,Lenovo,Android 7.0,2017;
279,Samsung,bada 2.0,2011;
280,Celkon,Feature phone,2013;
281,Archos,Android 9.0,2019;
282,Vodafone,Feature phone,2009;
283,Sony,Feature phone,2004;
"284,Apple,""iOS 12, up to iOS 14.7"",2018";
285,Bosch,Feature phone,1996;
"286,LG,""Android 8.0, LG UX 6"",2018";
287,Innostream,Feature phone,2004;
288,Ericsson,Feature phone,1997;
289,Samsung,Android 2.3.6,2012;
290,Gigabyte,Microsoft Windows Mobile 6.1 Professional,2009;
291,Celkon,Feature phone,2012;
292,XOLO,Android 4.4.2,2014;
"293,Huawei,""Android 6.0, EMUI 4.1 Mini"",2017";
"294,Sony,""Android 5.0.1, up to 7.0"",2015";
"295,vivo,""Android 10, Funtouch 10.5"",2020";
296,Spice,Feature phone,2012;
297,alcatel,Feature phone,2006;
298,Ericsson,Feature phone,1996;
299,Allview,Microsoft Windows 10,2014;
300,BlackBerry,BlackBerry OS 10.3.1,2015;
"301,Samsung,""Symbian, Series 60 UI"",0";
302,Gigabyte,Android 4.4.2,2014;
303,Samsung,Feature phone,2006;
304,Lenovo,Android 4.4,2015;
305,Samsung,Android 4.0,2012;
"306,HTC,""Android 9.0, HTC Sense"",2019";
307,Orange,Feature phone,2011;
"308,BenQ,""Symbian 7.0, UIQ v2.1 UI"",2004";
"309,Xiaomi,""Android 9.0, up to Android 10, MIUI 12"",2019";
310,Samsung,Feature phone,2010;
311,XOLO,Android 4.1.1,2013;
"312,vivo,""Android 7.1.1, Funtouch 3.2"",2018";
313,Lenovo,Android 5,2015;
314,ZTE,Android 4.3,2014;
315,Ericsson,Feature phone,0;
316,Motorola,Android 2.2,2010;
317,Panasonic,Android 6.0,2017;
318,BLU,Android 4.2,2014;
319,alcatel,Feature phone,2010;
320,XOLO,Android 4.2,2013;
321,Orange,Feature phone,2011;
322,QMobile,Android 4.2.2,2015;
"323,Infinix,""Android 10, XOS 6.0"",2020";
324,Haier,Feature phone,2010;
325,Motorola,Android Wear OS 2.1,2015;
"326,HTC,""Android 4.4.2, up to 6, Sense UI 6"",2014";
327,Telit,Feature phone,1999;
328,YU,Android 5.1.1,2015;
"329,Xiaomi,""Android 9.0, up to Android 11, MIUI 12.5"",2019";
330,Samsung,Feature phone,2010;
331,Motorola,Feature phone,2003;
332,Philips,Feature phone,2009;
"333,Oppo,""Android 10, ColorOS 7.2"",2020";
"334,Realme,""Android 10, Realme UI"",2020";
"335,Apple,""iOS 9.3.2, up to iOS 14.7"",2016";
"336,BQ,""Android 7.1.2, up to Android 8.0"",2017";
337,Acer,Android 5.1,2015;
338,Samsung,Feature phone,2010;
"339,HTC,""Android 4.2.2, Sense UI 5.5"",2014";
340,BLU,Android 5.0.2,2015;
341,alcatel,Feature phone,2009;
342,Sony,Feature phone,2009;
"343,Meizu,""Android 6, Flyme 7.3"",2016";
344,Allview,Android 4.0.4,2012;
345,LG,Feature phone,2003;
346,Wiko,Android 4.4.4,2015;
347,Maxon,Feature phone,2000;
348,Allview,Android 4.2.2,2014;
349,Lenovo,Android 4.2.2,2014;
350,Micromax,Feature phone,2010;
351,Nokia,Feature phone,2002;
352,verykool,Android 4.0,2013;
353,Sendo,Feature phone,2003;
"354,Samsung,""Android 2.1, up to 2.2"",2010";
"355,HTC,""Android 7.0, up to Android 8.0"",2017";
356,Gigabyte,Android 4.1,2013;
"357,Honor,""Android 9.0, EMUI 9.1"",2019";
358,Bird,Feature phone,0;
359,Sony,Feature phone,2005;
"360,Lenovo,""Android 5.0, up to 6.0"",2015";
361,Allview,Android 5.0,2015;
"362,vivo,""Android 8.1, Funtouch 4.5"",2018";
"363,Asus,""Android 6.0, up to 7.0"",2016";
364,HTC,Android 10,2020;
365,Amoi,Feature phone,2006;
366,Celkon,Android 4.0.4,2012;
367,LG,Feature phone,2011;
"368,LG,""Android 7.1.2, up to Android 8.1"",2018";
369,LG,Android 2.3.4,2011;
370,BQ,Android 5.1.1,2015;
371,Samsung,Feature phone,2003;
"372,Lenovo,""Android 7.0, ZUI 2.5"",2017";
"373,BLU,""Android 8.1, up to Android 9.0"",2018";
374,NEC,Feature phone,2003;
375,Motorola,Feature phone,2002;
376,Motorola,Feature phone,2003;
"377,Nokia,""Symbian 7.0s, Series 60 SE UI"",2004";
378,LG,Android 4.4.2,2014;
379,Ericsson,Feature phone,0;
380,LG,Feature phone,2005;
381,Yezz,Feature phone,2012;
382,Maxwest,Android 4.4.2,2014;
"383,Nokia,""Symbian 6.1, Series 60 v1.0 UI"",2003";
"384,Asus,""Android 8.1, up to Android 9.0"",2018";
"385,Realme,""Android 10, Realme UI"",2020";
386,BenQ,Feature phone,2004;
387,Ulefone,Android 10,2020;
"388,Sony,""Android 1.6, up to 2.1"",2010";
389,QMobile,Android 4.4.2,2015;
390,verykool,Android 6.0,2017;
391,verykool,Android 6.0,2017;
"392,Samsung,""Android 2.3.3, up to 4.0"",2011";
393,Nokia,Feature phone,2012;
394,Lava,Android 5.0,2015;
395,ZTE,Android 5.1,2015;
"396,HTC,""Android OS, Sense UI"",2012";
397,Acer,Android 6.0,2016;
398,XOLO,Android 4.3,2014;
399,LG,Feature phone,2010;
"400,Realme,""Android 10, Realme UI"",2020";
401,Plum,Feature phone,2018;
"402,Samsung,""Android 9.0, up to Android 11, One UI 3.0"",2019";
403,Plum,Feature phone,2018;
404,Dell,Android 4.2.2,2013;
405,Archos,Android 4.2.2,2014;
406,Nokia,Feature phone,2012;
407,Philips,Android 2.2,2011;
408,Samsung,Feature phone,2005;
409,BlackBerry,BlackBerry OS,2010;
410,BlackBerry,BlackBerry OS 5.0,2009;
411,Mitsubishi,Feature phone,2003;
412,Amoi,Feature phone,2003;
413,LG,Android 4.4.2,2014;
414,Samsung,Android 7.0,2017;
"415,HTC,""Android 4.0, Sense UI 4"",2012";
"416,Samsung,""Symbian 7.0s, Series 60 UI"",0";
417,Pantech,Feature phone,2010;
"418,BLU,""Android 4.4.2, up to 5.0"",2015";
"419,ZTE,""Android 9.0, up to Android 10, Redmagic 3.0"",2019";
"420,Asus,""Android 6.0.1, up to Android 8.1, ZenUI 4"",2016";
421,Micromax,Android 4.2,2013;
422,Sagem,Feature phone,2002;
423,Toshiba,Android 4.0,2012;
424,Sony,Feature phone,2004;
"425,vivo,""Android 9.0, Funtouch 9.0"",2019";
426,Motorola,Linux,2005;
427,Eten,Microsoft Windows Mobile 6.1 Professional,2008;
428,Motorola,Linux / Java-based MOTOMAGX,2009;
"429,HTC,""Android 2.3.4, up to 4.0, Sense UI"",2011";
430,Micromax,Feature phone,2013;
431,Acer,Android 6.0,2016;
432,alcatel,Android 5.0,2015;
"433,ZTE,""Android 10, MiFavor 10.1"",2020";
434,Casio,Android 4.0,2013;
435,Samsung,Feature phone,2010;
436,LG,Feature phone,2004;
"437,Xiaomi,""Android 10, up to Android 11, MIUI 12.5"",2020";
438,LG,Feature phone,2005;
"439,LG,""Android 9.0, up to Android 10"",2019";
440,Micromax,Feature phone,2013;
441,Prestigio,Android 4.1,2013;
442,Coolpad,Android 5.1,2016;
443,Panasonic,Android 5.1,2016;
444,LG,Feature phone,2008;
445,ZTE,Android 4.3,2014;
446,Prestigio,Android 4.2,2013;
447,Plum,Feature phone,2012;
"448,Honor,""Android 9.0, EMUI 9.1"",2019";
"449,Nokia,""Symbian, S60 rel. 3.2"",2008";
450,HTC,Microsoft Windows Mobile 6.0 Professional,2007;
"451,vivo,""Android 10, Funtouch 11"",2021";
452,XOLO,Android 4.4.2,2014;
453,Micromax,Android 5.1,2016;
"454,HTC,""Android 6.0.1, up to 7.0, Sense UI"",2016";
455,alcatel,Firefox OS 1.3,2014;
"456,Apple,""iOS 7, up to iOS 12.4.6"",2013";
"457,Huawei,""Android 10, EMUI 10, no Google Play Services"",2020";
458,Sagem,Feature phone,2005;
459,Celkon,Android 4.4.2,2015;
460,LG,Android 4.1.2,2013;
461,Micromax,Android 5.1,2016;
462,alcatel,Feature phone,2009;
"463,Samsung,""Android 2.3, up to 4.0, TouchWiz UI 4"",2011";
"464,Huawei,""Android 4.3, EMUI 1.6"",2014";
465,verykool,Android 4.2,2015;
466,Lenovo,Android 7.0,2017;
467,verykool,Feature phone,2011;
468,Samsung,Android 2.3,2011;
469,Samsung,Feature phone,2002;
470,Intex,Android 5.1,2015;
471,Gigabyte,Android 4.2,2013;
472,Allview,Android 9.0,2020;
473,LG,Feature phone,2008;
"474,BLU,""Android 4.2.2, up to 4.4.2"",2014";
475,Samsung,Feature phone,2004;
476,LG,Feature phone,2006;
477,Prestigio,Android 4.1,2013;
478,Infinix,Android 9.0,2019;
479,Samsung,Feature phone,2013;
480,Amoi,Feature phone,2006;
481,Spice,Android 4.2,2014;
482,Samsung,Proprietary OS,2009;
483,Sagem,Feature phone,2002;
"484,Huawei,""Android 10, EMUI 11, no Google Play Services"",2019";
485,Pantech,Feature phone,2005;
486,Samsung,Feature phone,0;
"487,vivo,""Android 10, IQOO UI 1.5"",2020";
488,LG,Android 10,2020;
489,Prestigio,Android 4.0,2013;
"490,Oppo,""Android 4.4.2, ColorOS 2"",2015";
491,Spice,Feature phone,2011;
492,LG,Android 2.3.4,2011;
493,Karbonn,Android 2.3.6,2012;
494,Lava,Microsoft Windows Phone 8.1,2014;
495,Motorola,Android 7.0,2017;
496,Mitac,Microsoft Smartphone 2002,2003;
"497,TCL,""Android 10, TCL UI"",2021";
498,verykool,Android 5.1,2016;
"499,Motorola,""Android 10, up to Android 11"",2020";
500,BLU,Android 4.2,2012;
501,LG,Feature phone,2007;
"502,vivo,""Android 8.1, Funtouch 4"",2018";
"503,Nokia,""Symbian 7.0s, Series 80 v2.0 UI"",2004";
504,Vodafone,Android 5.0.2,2015;
505,Plum,Feature phone,2016;
506,Icemobile,Android 4.4.2,2014;
507,LG,Android 7.0,2018;
508,Micromax,Android 4.4.2,2015;
509,Ericsson,Feature phone,2000;
510,Haier,Feature phone,2010;
511,Nokia,Feature phone,2001;
512,verykool,Feature phone,2011;
513,Philips,Android 2.3,2012;
514,Samsung,Feature phone,2003;
515,Sony,Feature phone,2009;
"516,Xiaomi,""Android 8.1, up to Android 9.0, Android One"",2018";
517,Sony,Feature phone,2009;
"518,Nokia,""Symbian 7.0s, Series 60 v2.0 UI"",2003";
519,HTC,Microsoft Windows Mobile 6.1 Professional,2009;
520,Gigabyte,Android 4.2.2,2014;
521,Spice,Android 4.2,2014;
"522,OnePlus,""Android 10, OxygenOS 10.5"",2020";
"523,Asus,""Android 7, ZenUI 4"",2017";
524,BLU,Android 9.0,2019;
525,ZTE,Android 4.1.2,2013;
526,Panasonic,Feature phone,2004;
527,Philips,Feature phone,2002;
528,Nokia,Feature phone,2012;
529,Panasonic,Android 4.4.4,2015;
"530,Huawei,""Android 10, EMUI 10.1"",2020";
531,Philips,Android 2.3,2012;
"532,Huawei,""Android 10, EMUI 10.1"",2021";
533,Panasonic,Feature phone,2004;
534,Spice,Feature phone,2010;
"535,Microsoft,""Microsoft Windows Phone 8.1, up to Windows 10"",2015";
536,Plum,Feature phone,2011;
537,Samsung,Feature phone,2008;
538,Motorola,Feature phone,2004;
"539,Lenovo,""Android 8.1, ZUI 10"",2018";
"540,Nokia,""Symbian OS 9.2, S60 rel. 3.1"",2007";
541,Nokia,Feature phone,2005;
"542,HTC,""Android 5, Sense UI 7"",2015";
543,Vodafone,Linux-based LiMo R2.0.1,2009;
544,Spice,Feature phone,2010;
545,Vodafone,Android 5.0,2015;
546,iNQ,Feature phone,2009;
547,Sony,Feature phone,2008;
548,HTC,Microsoft Windows Mobile 6.1 Professional,2009;
549,Spice,Feature phone,2010;
550,LG,Feature phone,2009;
551,Motorola,Feature phone,2001;
552,Micromax,Feature phone,2013;
553,Celkon,Feature phone,2014;
554,Samsung,Feature phone,2006;
555,Gigabyte,Android 4.0,2011;
556,Huawei,Android 2.2,2011;
557,Lenovo,Android 5.1,2016;
558,O2,Microsoft Windows Mobile 5.0 PocketPC,2006;
559,alcatel,Feature phone,2008;
560,verykool,Android 6.0,2017;
561,Siemens,Feature phone,2003;
562,HP,Android 4.4.2,2014;
"563,Asus,""Android 4.3, up to 5.0.2"",2015";
564,Maxon,Feature phone,2004;
565,Micromax,Feature phone,2013;
566,Yezz,Android 4.4.2,2014;
"567,Oppo,""Android 10, ColorOS 7.2"",2020";
"568,vivo,""Android 10, Funtouch 10.5"",2020";
569,Wiko,Android 10,2020;
570,Philips,Feature phone,2008;
571,Haier,Android 7.1,2017;
572,Micromax,Android 5.0.2,2015;
573,Philips,Feature phone,2008;
"574,Samsung,""Android 5.0, up to 6.0.1"",2015";
575,BLU,Android 6.0,2016;
"576,Oppo,""Android 5.1, up to 6, ColorOS 3"",2016";
577,Ulefone,Android 8.1 Oreo,2018;
578,i-mate,Microsoft Windows Mobile 6.0 Professional,0;
579,Siemens,Feature phone,2004;
580,Lenovo,Android 4.1,2013;
581,LG,Android 4.4.2,2014;
582,Nokia,Feature phone,2008;
583,LG,Android Wear OS 2.0,2018;
584,i-mobile,Feature phone,2009;
585,Samsung,Feature phone,2008;
586,Motorola,Feature phone,2004;
587,LG,Android 4.1.2,2013;
588,Acer,Android 6.0,2016;
589,Nokia,Microsoft Windows Phone 7.5 Mango,2012;
590,Celkon,Android 4.4.2,2014;
591,Acer,Android 1.6,2010;
592,Samsung,Feature phone,2009;
"593,Samsung,""Android 6.0.1";
"Android 7.0 - Amp Prime 2"",2017";
"594,Tecno,""Android 9.0, HIOS 5.0"",2019";
595,alcatel,Feature phone,2010;
596,Samsung,Feature phone,2004;
597,LG,Feature phone,2010;
"598,alcatel,""Android 5.0.2, up to 6.0.1"",2015";
599,Motorola,Android 2.3,2012;
600,Lenovo,Android 4.4,2015;
601,Philips,Android 2.3,2011;
"602,Vodafone,""Android 5.0.1, up to 6.0.1"",2015";
603,LG,Feature phone,2009;
604,Lava,Android 7.1,2018;
"605,LG,""Android 4.4.2, LG UI 3"",2014";
"606,Motorola,""Android 5.1.1, up to 7.0"",2015";
607,Micromax,Android 4.0.3,2013;
608,Vodafone,Feature phone,2008;
609,Sony,Feature phone,2007;
610,Celkon,Android 4.2.0,2013;
"611,Lenovo,""Android 3.1, up to 4.0"",2011";
"612,Vertu,""Symbian^3, up to Nokia Belle OS"",2011";
"613,Apple,""iOS 8, up to iOS 12.4.6"",2014";
614,Karbonn,Android 4.4.2,2014;
"615,Honor,""Android 4.4.2, up to 6, EMUI 3"",2014";
616,Allview,Android 5.1,2016;
617,Allview,Android 5.1,2016;
"618,Honor,""Android 9.0, EMUI 9.1"",2019";
619,Plum,Feature phone,2012;
620,Samsung,Android 4.2,2013;
621,Sharp,Android 10,2020;
622,Philips,Android 5.1,2015;
623,Samsung,Android 4.0.4,2012;
"624,Nokia,""Symbian Belle, up to Belle FP1"",2011";
625,Spice,Feature phone,2011;
626,verykool,Feature phone,2013;
"627,LG,""Android 4.1.2, LG Optimus UI 3"",2013";
628,Energizer,Android 9.0,0;
"629,Coolpad,""Android 6, Cool UI 8"",2016";
630,i-mate,Microsoft Windows Mobile 5.0 Smartphone,2005;
631,Celkon,Android 4.2.2,2014;
632,Asus,Microsoft Windows Mobile 6.1 Professional,2009;
633,Motorola,Feature phone,2005;
"634,Apple,""watchOS 3.0, up to 6.2.8"",2016";
"635,ZTE,""Android 6, nubia UI 4"",2016";
636,Yezz,Feature phone,2014;
637,QMobile,Android 4.2,2014;
638,Motorola,Android 1.5,2009;
639,Celkon,Android 4.4.2,2015;
"640,vivo,""Android 7.1.1, up to 8.0, Funtouch 3.2"",2017";
641,LG,Feature phone,2006;
642,Sagem,Feature phone,2006;
643,Emporia,Feature phone,2012;
644,Maxon,Feature phone,2000;
645,Samsung,Feature phone,2014;
"646,Xiaomi,""Android 10, MIUI 12"",2020";
"647,QMobile,""Android 4.2, up to 4.4"",2014";
"648,Motorola,""Android 3.2, up to 4.0"",2011";
649,Lava,Android 6.0,2016;
650,Wiko,Android 6.0,2016;
651,Samsung,bada 2.0,2011;
652,Acer,Android 5.1,2015;
653,Samsung,Feature phone,2009;
"654,Samsung,""Android 4.4.2, TouchWiz UI"",2014";
655,Samsung,Feature phone,2004;
656,Siemens,Microsoft Windows CE 3.0 for PocketPC,2001;
657,alcatel,Feature phone,2004;
"658,Coolpad,""Android 6.0, eUI 5.6"",2016";
659,Panasonic,Android 5.1,2016;
660,Nokia,Feature phone,2007;
661,alcatel,Feature phone,2011;
662,Micromax,Android 7.0,2017;
663,Microsoft,Microsoft Windows 10,2015;
"664,vivo,""Android 8.1, Funtouch 4"",2018";
"665,BlackBerry,""BlackBerry OS 5.0, up"",2010";
666,Vodafone,Android 6.0,2016;
667,Sony,Feature phone,2005;
668,Samsung,Feature phone,2012;
669,O2,Microsoft Smartphone 2003,2003;
670,LG,Feature phone,2002;
671,Gionee,Android 4.4.2,2015;
672,Motorola,Android 9.0,2019;
673,XOLO,Android 4.2,2013;
674,LG,Android 4.0.3,2012;
675,LG,Android 4.1.2,2013;
676,Lenovo,Android 5.0,0;
677,Micromax,Android 5.1,2015;
678,Micromax,Feature phone,2013;
679,verykool,Feature phone,2011;
680,Siemens,Feature phone,2004;
681,Huawei,Android 4.3,2014;
682,HTC,Android 8.1,2018;
"683,Apple,""watchOS 1.0, up to 4.3.2"",2015";
"684,Huawei,""Android 2.1, up to 2.2"",2010";
685,Prestigio,Android 4.0,2013;
"686,Motorola,""Android 7.1.1, up to Android 9.0"",2017";
687,Allview,Android 6.0,2016;
"688,Huawei,""Android 6.0, up to 7.0, EMUI 4.1"",2016";
"689,vivo,""Android 10, Funtouch 10.5 or Funtouch 11"",2020";
"690,Tecno,""Android 8.1, HIOS 4.1"",2019";
691,Energizer,Feature phone,2015;
692,Coolpad,Android 7.1,0;
693,Coolpad,Android 5.1,2016;
694,Sony,Feature phone,2001;
695,Samsung,Android 4.0,2012;
"696,Oppo,""Android 4.3, ColorOS 1.4"",2014";
697,Micromax,Android 5.1,2016;
698,Panasonic,Android 5.1,2015;
699,Philips,Android 5.1,2015;
"700,Nokia,""Android 10, up to Android 11"",2020";
701,HTC,Microsoft Windows Mobile 6.1 Professional,2008;
702,Samsung,bada OS,2010;
703,Prestigio,Android 4.1,2013;
704,Thuraya,WinCE 4.2,2007;
705,Palm,Palm OS 5.4.9,2006;
706,Sony,Feature phone,2008;
707,Sagem,Feature phone,2003;
708,Motorola,Feature phone,2010;
"709,Amazon,""Android 9.0, Fire OS 7"",2020";
710,Sewon,Feature phone,2004;
"711,Allview,""Android 4.2, up to 4.4.2"",2013";
712,BenQ-Siemens,Feature phone,2006;
713,BlackBerry,BlackBerry OS 6.0,2010;
714,HTC,Microsoft Windows Mobile 5.0 Smartphone,2006;
715,Micromax,Android 2.3.5,2012;
"716,HTC,""Android 2.3.4, up to 4.0, Sense UI 3.6"",2011";
"717,Honor,""Android 6.0, EMUI 4.1"",2016";
718,Maxwest,Android 4.2.2,2014;
719,Celkon,Feature phone,2010;
"720,Huawei,""Android 10, EMUI 11, no Google Play Services"",2020";
"721,Honor,""Android 9.0, EMUI 9"",2020";
722,O2,Feature phone,2006;
723,Samsung,Feature phone,2013;
"724,HTC,""Android OS, Sense UI"",2012";
725,Lenovo,Android 5.1,2015;
"726,Xiaomi,""Android 4.4.4, MIUI 6"",2015";
"727,Nokia,""Symbian 9.4, Series 60 rel. 5"",2010";
728,Celkon,Feature phone,2011;
729,QMobile,Android 4.4.2,2015;
730,Wiko,Android 5.1,2015;
731,Philips,Feature phone,2008;
732,HTC,Android 4.2.2,2013;
733,Micromax,Android 5.0,2015;
734,Haier,Feature phone,2004;
735,alcatel,Feature phone,2009;
736,Xiaomi,Proprietary OS,2020;
737,Bird,Feature phone,0;
738,Maxwest,Android 6.0,2017;
"739,Samsung,""Android 9.0, up to Android 11, One UI 3.1"",2019";
740,ZTE,Android 5.1.1,2015;
741,Tel.Me.,Feature phone,2003;
"742,Nokia,""Symbian 6.1, Series 60 v1.0 UI"",2004";
743,Mitsubishi,Feature phone,2000;
744,Samsung,Feature phone,2010;
745,BlackBerry,BlackBerry OS,2003;
746,Philips,Feature phone,2004;
747,Plum,Feature phone,2017;
748,Samsung,Feature phone,2003;
"749,HTC,""Android 2.3, Sense UI"",0";
750,Oppo,Android 4.4,2015;
"751,Apple,""watchOS 4.0, up to 7.6"",2017";
752,Spice,Android 4.4.2,2014;
"753,Tecno,""Android 10, HIOS 6.0"",2020";
"754,Samsung,""Android 4.4.2, up to 6.0.1, TouchWiz UI"",2014";
"755,Meizu,""Android 7.1.2, Flyme 7.3"",2018";
"756,Meizu,""Android 7, Flyme 7.3"",2017";
"757,Huawei,""Android 4.0, up to 4.2"",2012";
758,Philips,Android 4.2,2013;
759,ZTE,Android 4.2,2014;
760,Nokia,Feature phone,2010;
761,Ericsson,Feature phone,1997;
762,Philips,Feature phone,2012;
"763,Sony,""Android 4.2, up to 5.1"",2013";
764,LG,Android OS,2014;
765,LG,Feature phone,2011;
766,Coolpad,Android 8.1,2018;
"767,Gionee,""Android 6.0, Amigo 3.5"",2017";
768,Samsung,Feature phone,2007;
769,Gigabyte,Android 4.0,2011;
770,Samsung,Android 4.2,2013;
771,LG,Android 5.1,2015;
772,BLU,Feature phone,2011;
773,Motorola,Linux,2004;
774,HP,Android 4.4.2,2014;
775,LG,Android 4.4.2,2014;
776,XOLO,Android 4.4.2,2014;
777,Sagem,Feature phone,2008;
778,Nokia,Feature phone,2009;
779,Panasonic,Android 7.0,2017;
780,Lava,Android 6.0,2017;
781,Archos,Android 4.1.2,2013;
782,Samsung,Android 4.2.2,2013;
783,verykool,Android 7.0,2017;
784,Pantech,Feature phone,2009;
785,TCL,Android 10,0;
786,Energizer,Android 8.0,2018;
787,VK,Feature phone,2005;
788,Philips,Android 4.1,2013;
789,HP,Android 4.4.2,2014;
790,Meizu,Android 4.4.4,2015;
791,alcatel,Android 2.3,2012;
"792,Gionee,""Android 4.2, upgrad&#1072"",2014";
793,Energizer,KaiOS,2021;
794,LG,Feature phone,2009;
"795,Nokia,""Symbian 9.3, S60 rel. 3.2"",2010";
796,Micromax,Android 4.0,2013;
"797,Samsung,""Android 7.1, up to Android 9.0, One UI"",2017";
798,alcatel,Feature phone,2004;
799,Nokia,Feature phone,2007;
800,Nokia,Microsoft Windows Phone 7.5 Mango,2012;
801,Samsung,Tizen OS,2013;
802,Infinix,Android 8.1,2018;
803,Karbonn,Feature phone,2012;
804,Spice,Android 2.2,2011;
805,BLU,Android 4.2,2013;
806,Nokia,Android 8.1 Oreo,2018;
"807,Nvidia,""Android 5.0, up to 7.0"",2015";
808,Panasonic,Android 4.0,2012;
809,Benefon,Feature phone,2000;
"810,Xiaomi,""Android 10, MIUI 12"",2020";
"811,XOLO,""Android 4.2, up to 4.4.2"",2014";
812,Celkon,Feature phone,2011;
"813,Sony,""Android 5.0, 6.0, up to 7.0"",2015";
814,Plum,Android 6.0,2018;
815,Amoi,Feature phone,2006;
816,Spice,Android 4.1,2013;
817,BLU,Android 5.1,2016;
"818,Sony,""Android-based, OMS 2.5"",2011";
819,LG,Feature phone,2010;
"820,Meizu,""Android 9.0, Flyme 7.3"",2019";
"821,Xiaomi,""Android 10, up to Android 11, MIUI 12"",2020";
822,alcatel,Feature phone,2007;
823,Philips,Feature phone,2008;
824,Huawei,Android 4.0,2013;
825,Motorola,Microsoft Smartphone 2003,2004;
826,Motorola,Feature phone,2008;
827,Ericsson,Feature phone,2000;
"828,Apple,""iOS 7, up to iPadOS 12.4.6"",2013";
829,NIU,Feature phone,2013;
"830,BlackBerry,""BlackBerry OS 10.3.1, up to 10.3.2"",2014";
"831,Xiaomi,""Android 9.0, up to Android 10, MIUI 12"",2019";
"832,Meizu,""Android 4.4.4, Flyme 4"",2014";
833,Philips,Feature phone,2005;
"834,Huawei,""Android 9.0, EMUI 9.1"",2019";
835,Innostream,Feature phone,2004;
836,O2,Feature phone,2005;
837,alcatel,Feature phone,2008;
"838,HTC,""Android 4.0, not up to 4.1, Sense UI 4"",2012";
839,Haier,Feature phone,2005;
840,ZTE,Android 6.0,2016;
841,Motorola,Feature phone,2004;
"842,Nokia,""Android 8.1, up to Android 10, Android One"",2018";
843,BLU,Android 9.0,2019;
"844,HTC,""Android 4.0, not up to 4.1, Sense UI 4"",2012";
845,Motorola,Android 2.1,2009;
846,Samsung,Tizen 1.0 OS,2012;
"847,Samsung,""Android 6.0, up to 7.0, TouchWiz UI"",2016";
"848,Samsung,""Android 5.0, up to 6.0.1"",2015";
849,Philips,Feature phone,2010;
850,LG,Feature phone,2010;
"851,Sony,""Android 4.4.4, Timescape UI"",0";
"852,Allview,""Android 4.2.2, up to 4.4.2"",2014";
853,BLU,Android 4.2,2013;
854,XCute,Feature phone,2005;
855,Ulefone,Android 9.0,2019;
856,Orange,Feature phone,2011;
857,HTC,Android 9,2019;
858,Karbonn,Microsoft Windows Phone 8.1,2014;
859,BLU,Android 6.0,2016;
860,Micromax,Feature phone,2012;
861,alcatel,Android 4.4.2,2014;
862,Samsung,Feature phone,2006;
863,Vodafone,Android 4.4.2,2015;
864,Motorola,Android 2.2,2011;
865,Samsung,Feature phone,2008;
866,Samsung,Android 4.2,2013;
867,Lava,Android 4.4.2,2015;
868,Nokia,Feature phone,2009;
869,HP,Android 4.2.2,2014;
"870,ZTE,""Android 9.0, Nubia UI"",2019";
871,Ulefone,Android 9.0,2019;
872,HTC,Android 10,2020;
873,i-mate,Microsoft Windows Mobile 6.1 Professional,2009;
874,Nokia,Feature phone,2008;
875,Sendo,Feature phone,0;
"876,Huawei,""Android 2.1, up to 2.2"",2010";
877,Micromax,Android 2.3.6,2012;
878,Wiko,Android 5.1,2015;
879,Tel.Me.,Feature phone,0;
"880,Motorola,""Android 10, up to Android 11, Android One"",2020";
881,Celkon,Feature phone,2013;
882,Toshiba,Feature phone,2006;
883,Asus,Android 4.4.2,2014;
884,Sendo,Feature phone,0;
885,alcatel,Android 6.0.1,2016;
886,Samsung,Feature phone,2008;
887,BLU,Android 4.2,2013;
888,Amoi,Feature phone,2003;
889,Samsung,Feature phone,2009;
890,Samsung,Microsoft Windows Phone 8,2013;
"891,Google,""Android 9.0, up to Android 11"",2018";
892,Huawei,Feature phone,2010;
"893,Motorola,""Android-based, OMS 2.5"",2011";
"894,Asus,""Android 4.0, up to 4.2"",2012";
895,Samsung,Microsoft Windows Mobile 6.5 Professional,2009;
896,Micromax,Feature phone,2011;
897,Sony,Feature phone,2005;
898,Sagem,Feature phone,2003;
"899,vivo,""Android 9.0, up to Android 10, Funtouch 10"",2020";
900,Philips,Feature phone,2012;
"901,Asus,""Android 5.0, up to 6.0, ZenUI"",2015";
902,LG,Feature phone,2006;
903,Sharp,Feature phone,2010;
904,Nokia,Feature phone,2009;
905,LG,Android 6.0.1,2016;
906,i-mobile,Feature phone,2006;
907,Celkon,Android 4.0.4,2013;
908,Micromax,Android 5.0.2,2015;
909,Nokia,Feature phone,2004;
910,Nokia,Feature phone,2011;
"911,HTC,""Android 4.0.4, Sense UI"",2012";
912,LG,Feature phone,2007;
913,Toshiba,Feature phone,2006;
914,Asus,Feature phone,2007;"ble to 4.4.2"",2012"
915,Emporia,Feature phone,2013;
"916,Apple,""watchOS 3.0, up to 6.2.8"",2016";
"917,Nokia,""Symbian^3, up to Nokia Belle OS"",2011";
918,BLU,Android 9.0,2019;
919,Spice,Android 4.0,2013;
"920,LG,""Android 4.1.2, upgrad&#1072";
921,Sony,Android 7.1,2017;
922,Benefon,Feature phone,1999;
923,alcatel,Android 4.2,2013;
924,Lenovo,Android 7.0,2018;
925,Wiko,Android 9.0 Pie,2020;
926,NIU,Feature phone,2012;
927,Qtek,Microsoft Windows Mobile 2003 SE Smartphone,2004;
928,Samsung,Feature phone,2005;
929,Spice,Feature phone,0;
930,Spice,Feature phone,2010;
"931,Nokia,""Microsoft Windows Phone 8, up to 8.1"",2014";
932,Samsung,Android 2.3.6,2012;
"933,Asus,""Android 8.0, up to Android 9.0, ZenUI 5"",2018";
934,Prestigio,Android 4.1,2013;
935,Micromax,Android 5.1,2016;
936,Huawei,Android 4.1,2013;
937,Micromax,Feature phone,2013;
938,Samsung,Feature phone,2007;
"939,HTC,""Android 2.2, 2.3, up to 4.0, Sense UI 3.6"",2011";
940,Acer,Android 6.0,2016;
"941,Xiaomi,""Android 8.1, MIUI 9.5"",2018";
"942,QMobile,""Android 5.1.1, Amigo OS 3.1"",2016";
943,BLU,Android 9.0,2019;
944,Samsung,Feature phone,2009;
945,Panasonic,Feature phone,2003;
946,QMobile,Android 4.4.2,2014;
947,Panasonic,Android 6.0,2017;
948,Plum,Android 5.1,2016;
949,Samsung,Feature phone,2011;
950,Motorola,Android 2.2,2011;
951,Huawei,Feature phone,2008;
952,Nokia,Feature phone,2020;
953,Nokia,Feature phone,2009;
954,Micromax,Android 5.0,2015;
"955,Lenovo,""Android 9.0, up to Android 10"",2019";
956,BLU,Android 6.0,2017;
"957,vivo,""Android 10, Funtouch 11"",2021";
958,verykool,Android 4.4.2,2014;
959,LG,Android 9.0,2020;
"960,Sharp,""Android 8.0, Sharp UI"",2018";
"961,Micromax,""Android 4.0.4, up to 4.1.1"",2012";
962,HTC,Android 4.0,2013;
963,Spice,Feature phone,2010;
964,Allview,Android 4.4.4,2014;
"965,Lenovo,""Android 5.1.1, up to 6.0"",2016";
966,Lenovo,Android 4.2,2013;
967,Allview,Android 7.0,2017;
968,Lenovo,Android 6.0 or 5.0,2016;
"969,Samsung,""Android 4.3, up to 4.4.4"",2014";
970,Motorola,Android 2.3.7,2012;
971,LG,Feature phone,2007;
972,Celkon,Android 4.4.2,2014;
973,Tecno,Android 7.0,2017;
974,Samsung,Feature phone,2008;
975,Samsung,Tizen 2.4,2016;
976,Unnecto,Feature phone,2011;
"977,Samsung,""Android 4.4.4, up to 5.0.2"",2014";
978,Nokia,Feature phone,2003;
979,Philips,Feature phone,2009;
"980,Amazon,""Android 4.4, Fire 4"",2014";
981,Nokia,Feature phone,2007;
982,LG,Feature phone,2009;
983,ZTE,Android 2.3,2011;
984,ZTE,Android 3.2,2012;
985,Nokia,Feature phone,2001;
"986,Xiaomi,""Android 9.0, up to Android 10, MIUI 12"",2019";
987,alcatel,Android 4.1,2013;
988,Lava,Android 6.0,2017;
"989,Oppo,""Android 6.1, ColorOS 3"",2016";
990,alcatel,Android 5.0,2015;
"991,Apple,""iPadOS 14.1, up to iPadOS 14.6"",2020";
992,Yezz,Feature phone,2016;
993,Prestigio,Android 4.2,2013;
994,T-Mobile,Microsoft Windows Mobile 6.1 Professional,2009;
995,LG,Android 10,2020;
996,BLU,Android 8.1 Oreo,2019;
"997,Nokia,""Symbian Belle, up to Belle FP1"",2011";
998,Lenovo,Android 5,2015;
999,Xiaomi,Android 9.0,2019;
"1000,Honor,""Android 5.1, EMUI 3.1"",2016";
